,Forest,Lasso,SGDRegressor,XGB,Ols,Ridge
RMSE,0.180825178,0.151261172,0.145924121,0.147720015,0.159654125,0.147542045
